{"sculptOffsetP":{"x":0.0,"y":0.0,"z":0.0},"sculptOffsetR":{"x":0.0,"y":0.0,"z":0.0,"w":1.0},"sculptOffsetS":{"x":1.0,"y":1.0,"z":1.0},"transformP":[{"x":-0.5863794088363648,"y":-6.403561592102051,"z":-0.12802590429782868}],"transformR":[{"x":-0.056510064750909808,"y":0.08050467818975449,"z":-0.00457153981551528,"w":-0.995140552520752}],"transformS":[{"x":1.0,"y":1.0,"z":1.0}],"curveAP":[{"x":-9.180249214172364,"y":6.144466400146484,"z":-0.24091435968875886}],"curveAR":[{"x":-0.056510064750909808,"y":0.08050467818975449,"z":-0.00457153981551528,"w":-0.995140552520752}],"curveAS":[{"x":0.3999998867511749,"y":0.3999998867511749,"z":0.3999998867511749}],"curveBP":[{"x":9.09365463256836,"y":5.822135925292969,"z":-0.0385909229516983}],"curveBR":[{"x":-0.056510064750909808,"y":0.08050467818975449,"z":-0.00457153981551528,"w":-0.995140552520752}],"curveBS":[{"x":0.47500112652778628,"y":0.47500112652778628,"z":0.47500112652778628}],"color":[{"r":0.034712955355644229,"g":0.10599728673696518,"b":0.01707473024725914,"a":1.0}],"roundA":[0.0],"noiseAmount":[0.5],"noiseStrength":[0.0],"textureNoise":[false],"blend":[0.0],"brushType":[0],"brushShape":[13]}