{"sculptOffsetP":{"x":-60.380001068115237,"y":-0.5400000214576721,"z":11.380000114440918},"sculptOffsetR":{"x":0.0,"y":0.0,"z":0.0,"w":1.0},"sculptOffsetS":{"x":1.0,"y":1.0,"z":1.0},"transformP":[{"x":-60.39495849609375,"y":-0.5915635824203491,"z":11.42509651184082}],"transformR":[{"x":0.0,"y":0.0,"z":0.0,"w":1.0}],"transformS":[{"x":19.174991607666017,"y":2.0,"z":19.39997100830078}],"curveAP":[{"x":0.0,"y":0.0,"z":0.0}],"curveAR":[{"x":0.0,"y":0.0,"z":0.0,"w":0.0}],"curveAS":[{"x":0.0,"y":0.0,"z":0.0}],"curveBP":[{"x":0.0,"y":0.0,"z":0.0}],"curveBR":[{"x":0.0,"y":0.0,"z":0.0,"w":0.0}],"curveBS":[{"x":0.0,"y":0.0,"z":0.0}],"color":[{"r":0.9882928729057312,"g":0.9836824536323547,"b":0.9839590191841126,"a":1.0}],"roundA":[0.20000000298023225],"noiseAmount":[0.5],"noiseStrength":[0.0],"textureNoise":[false],"blend":[0.0],"brushType":[0],"brushShape":[1]}