{"sculptOffsetP":{"x":0.0,"y":0.0,"z":0.0},"sculptOffsetR":{"x":0.0,"y":0.0,"z":0.0,"w":1.0},"sculptOffsetS":{"x":1.0,"y":1.0,"z":1.0},"transformP":[{"x":0.03671063110232353,"y":9.892793655395508,"z":0.03307998925447464}],"transformR":[{"x":0.0,"y":0.7071068286895752,"z":0.0,"w":0.7071068286895752}],"transformS":[{"x":2.0,"y":19.100017547607423,"z":19.20001220703125}],"curveAP":[{"x":0.0,"y":0.0,"z":0.0}],"curveAR":[{"x":0.0,"y":0.0,"z":0.0,"w":0.0}],"curveAS":[{"x":0.0,"y":0.0,"z":0.0}],"curveBP":[{"x":0.0,"y":0.0,"z":0.0}],"curveBR":[{"x":0.0,"y":0.0,"z":0.0,"w":0.0}],"curveBS":[{"x":0.0,"y":0.0,"z":0.0}],"color":[{"r":0.9882978796958923,"g":0.9836845993995667,"b":0.983961284160614,"a":1.0}],"roundA":[0.20000000298023225],"noiseAmount":[0.5],"noiseStrength":[0.0],"textureNoise":[false],"blend":[0.0],"brushType":[0],"brushShape":[1]}